# Annual demand (TWh),Annual Energy Losses (TWh),PV Capacity (GW),PV Avg Annual Gen (TWh),Wind Capacity (GW),Wind Avg Annual Gen (TWh),Hydro Capacity (GW),Hydro Avg Annual Gen (TWh),Fossil Capacity (GW),Fossil Generation (TWh),PHES-PowerCap (GW),PHES-EnergyCap (GWh),CapDCO,CapDCS,CapAC,LCOE,LCOG,LCOB,LCOG_PV,LCOG_Wind,LCOG_Hydro,LCOGFossil,LCOBS_PHES,LCOBT,LCOB_LossesSpillage
208.00000000007,0.0,27.56558007386775,37.34753360572115,42.17162575094699,158.39573189652842,3.7880000000000003,2.7701421176472003,34.219,56.325878816459614,13.946391175108147,142.42163351110503,0.0,0.0,8.709980950928076,60.00917673754829,42.87257264005989,17.136604097488394,43.92300460737205,22.18560373465684,50.0,100.0,4.769657807042451,2.7125197993517935,9.65442649109415
