# Annual demand (TWh),Annual Energy Losses (TWh),PV Capacity (GW),PV Avg Annual Gen (TWh),Wind Capacity (GW),Wind Avg Annual Gen (TWh),Hydro Capacity (GW),Hydro Avg Annual Gen (TWh),Fossil Capacity (GW),Fossil Generation (TWh),PHES-PowerCap (GW),PHES-EnergyCap (GWh),CapDCO,CapDCS,CapAC,LCOE,LCOG,LCOB,LCOG_PV,LCOG_Wind,LCOG_Hydro,LCOGFossil,LCOBS_PHES,LCOBT,LCOB_LossesSpillage
172.99999999947002,0.0,48.204292159898614,65.55363430345497,30.2644894828627,115.26927351934417,10.342,14.693913599711996,11.387,22.70030197525064,18.63858103842358,200.92887139519735,0.0,0.0,6.534940818171527,65.3667397595042,43.67327788655266,21.693461872951538,43.75984425346869,21.87833053090386,50.0,150.0,7.831657779544812,2.446890825139738,11.414913268266988
