# Annual demand (TWh),Annual Energy Losses (TWh),PV Capacity (GW),PV Avg Annual Gen (TWh),Wind Capacity (GW),Wind Avg Annual Gen (TWh),Hydro Capacity (GW),Hydro Avg Annual Gen (TWh),Fossil Capacity (GW),Fossil Generation (TWh),PHES-PowerCap (GW),PHES-EnergyCap (GWh),CapDCO,CapDCS,CapAC,LCOE,LCOG,LCOB,LCOG_PV,LCOG_Wind,LCOG_Hydro,LCOGFossil,LCOBS_PHES,LCOBT,LCOB_LossesSpillage
29.999999999995,0.0,0.5000000154395821,0.7020996806210505,0.5000000039071892,1.8246530713169296,9.412,46.80399360000001,1.8780000000000001,0.0,3.0000000210638973,9.20000058592268,0.0,0.0,0.10500000093583367,85.77058828818626,48.88672834827814,36.88385993990812,42.37971911372525,22.83410996062814,50.00000000000001,0.0,5.156576515318635,0.22671856868737925,31.50056485590211
