# Annual demand (TWh),Annual Energy Losses (TWh),PV Capacity (GW),PV Avg Annual Gen (TWh),Wind Capacity (GW),Wind Avg Annual Gen (TWh),Hydro Capacity (GW),Hydro Avg Annual Gen (TWh),Fossil Capacity (GW),Fossil Generation (TWh),PHES-PowerCap (GW),PHES-EnergyCap (GWh),CapDCO,CapDCS,CapAC,LCOE,LCOG,LCOB,LCOG_PV,LCOG_Wind,LCOG_Hydro,LCOGFossil,LCOBS_PHES,LCOBT,LCOB_LossesSpillage
172.99999999947002,0.0,24.81856577102735,26.353636441376068,46.00568750815728,172.46813555711117,10.342,14.693913599711996,11.387,17.608684792478375,16.858931924929493,448.52110135616385,0.0,0.0,9.449323159341729,65.05664239808476,37.58380298050135,27.47283941758341,56.04320476375229,22.227828614030056,50.0,150.0,11.307341274849621,3.538128864378145,12.627369278355644
