# Annual demand (TWh),Annual Energy Losses (TWh),PV Capacity (GW),PV Avg Annual Gen (TWh),Wind Capacity (GW),Wind Avg Annual Gen (TWh),Hydro Capacity (GW),Hydro Avg Annual Gen (TWh),Fossil Capacity (GW),Fossil Generation (TWh),PHES-PowerCap (GW),PHES-EnergyCap (GWh),CapDCO,CapDCS,CapAC,LCOE,LCOG,LCOB,LCOG_PV,LCOG_Wind,LCOG_Hydro,LCOGFossil,LCOBS_PHES,LCOBT,LCOB_LossesSpillage
68.999999999996,0.0,52.19794130432274,76.60978583677098,1.5769412150038988,5.7499583583073175,1.32976,6.608851200000001,0.559,0.17658114890595833,18.705148306537012,453.18328752536763,0.0,0.0,0.8373676560440072,82.44432152984224,40.22407480711805,42.22024672272419,40.54674148249214,22.853103547416637,50.0,100.0,29.69034798660989,0.7861148475921375,11.743783888522163
