# Annual demand (TWh),Annual Energy Losses (TWh),PV Capacity (GW),PV Avg Annual Gen (TWh),Wind Capacity (GW),Wind Avg Annual Gen (TWh),Hydro Capacity (GW),Hydro Avg Annual Gen (TWh),Fossil Capacity (GW),Fossil Generation (TWh),PHES-PowerCap (GW),PHES-EnergyCap (GWh),CapDCO,CapDCS,CapAC,LCOE,LCOG,LCOB,LCOG_PV,LCOG_Wind,LCOG_Hydro,LCOGFossil,LCOBS_PHES,LCOBT,LCOB_LossesSpillage
208.00000000007,0.0,55.48009168483259,75.1678209961589,26.114352629316272,98.08495461268049,3.8770000000000002,16.4416271543379,34.219,54.22425576062093,19.210556644873577,139.24443375588453,0.0,0.0,5.77767144271158,71.09132200486755,54.12506337040055,16.966258634467003,43.92300460737205,37.273905896589234,50.0,100.0,5.820305070431656,1.79932054107422,9.346633022961127
