# Annual demand (TWh),Annual Energy Losses (TWh),PV Capacity (GW),PV Avg Annual Gen (TWh),Wind Capacity (GW),Wind Avg Annual Gen (TWh),Hydro Capacity (GW),Hydro Avg Annual Gen (TWh),Fossil Capacity (GW),Fossil Generation (TWh),PHES-PowerCap (GW),PHES-EnergyCap (GWh),CapDCO,CapDCS,CapAC,LCOE,LCOG,LCOB,LCOG_PV,LCOG_Wind,LCOG_Hydro,LCOGFossil,LCOBS_PHES,LCOBT,LCOB_LossesSpillage
652.999999999001,3.7788740819256907,65.9367082760873,91.11297962825081,110.17107448310814,412.7665930791444,35.21376,175.10720639999997,59.43,62.39214104853248,27.374754935140118,283.6701045899754,51.420732724047625,0.0,22.693581979382504,54.227358454279134,39.31009464114339,14.917263813135747,34.37483502233122,26.690889313802536,50.00000000000001,100.00000000000001,3.016850428001172,6.320293655772852,5.580119729361723
