# Annual demand (TWh),Annual Energy Losses (TWh),PV Capacity (GW),PV Avg Annual Gen (GWh),Wind Capacity (GW),Wind Avg Annual Gen (GWh),Hydro Capacity (GW),Hydro Avg Annual Gen (GWh),Fossil Capacity (GW),Fossil Generation (GWh),PHES-PowerCap (GW),PHES-EnergyCap (GWh),CapDCO,CapDCS,CapAC,LCOE,LCOG,LCOB,LCOG_PV,LCOG_Wind,LCOG_Hydro,LCOGFossil,LCOBS_PHES,LCOBT,LCOB_LossesSpillage
652.999999999001,4.679867516735438,7.668508306224794,11.254827951659177,176.26316422982717,659.215520094643,14.224,66.92287821821347,59.43,73.03080883421774,24.660605740674328,325.39341089039226,68.69694462830269,0.0,35.32931792902768,51.75277996328231,31.826977112272367,19.92580285100994,40.547012739014214,22.280684119133458,50.0,100.0,3.016589338886249,8.9512974458268,7.957916066296892
